{"cameraMode":{"drawMode":0,"name":"Shaded","section":"Shading Mode"},"sceneLighting":false,"audioPlay":false,"sceneViewState":{"m_AlwaysRefresh":false,"showFog":true,"showSkybox":false,"showFlares":true,"showImageEffects":true,"showParticleSystems":true,"showVisualEffectGraphs":true,"m_FxEnabled":true},"in2DMode":false,"pivot":{"x":0.021127693355083467,"y":3.3279008865356447,"z":-0.5457402467727661},"rotation":{"x":-0.05277629196643829,"y":0.01931893825531006,"z":-0.0010232856729999185,"w":-0.9984331727027893},"size":1.9232635498046876,"orthographic":false}